Gunnison,Close Process,Bank Rec,
Gunnison,Close Process,Debt Rec,
Gunnison,Close Process,Balance sheet rec,
Gunnison,Workers Comp,Workers comp payment,Amerisafe website
Gunnison,Updates,Weekly update,
Gunnison,Close Process,CC update,
Dtox,Close Process,Bank Rec,
Dtox,Close Process,Debt Rec,
Dtox,Payroll ,Payroll Input,paychex.com
Dtox,Close Process,Balance sheet rec,
Dtox,Close Process,Sales rec,
GA allergy,Close Process,Bank Rec,
GA allergy,Close Process,Debt Rec,
GA allergy,Close Process,Balance sheet rec,
Omni,Close Process,Bank Rec,
Omni,Close Process,Debt Rec,
Omni,Close Process,Balance sheet rec,
Advanced Allergy,Close Process,Bank Rec,
Advanced Allergy,Close Process,Debt Rec,
Advanced Allergy,Close Process,Balance sheet rec,
AmFam,Close Process,Bank Rec,
AmFam,Close Process,Debt Rec,
AmFam,Close Process,Balance sheet rec,
AmFam,Close Process,income-expense,in folder
